<?xml version="1.0" encoding="UTF-8"?>

<!-- config.xml reference: https://build.phonegap.com/docs/config-xml -->
<widget xmlns     = "http://www.w3.org/ns/widgets"
        xmlns:gap = "http://phonegap.com/ns/1.0"
        id        = "Emporio"
        version   = "1.1.2">

    <name>Emporio</name>

    <description>
        
    </description>

    <author href="http://phonegap.com" email="support@phonegap.com">
        PhoneGap Team
    </author>

    <!-- Define the main entry-point to the application -->
    <content src="redirect.html" />

    <!--
        If you do not want any permissions to be added to your app, add the
        following tag to your config.xml; you will still have the INTERNET
        permission on your app, which PhoneGap requires.
    -->
    <preference name="permissions"                value="none"/>

    <!-- Customize your app and platform with the preference element. -->
    <preference name="orientation"                value="portrait" />        <!-- all: default means both landscape and portrait are enabled -->
    <preference name="target-device"              value="handset" />      <!-- all: possible values handset, tablet, or universal -->
    <preference name="fullscreen"                 value="false" />           <!-- all: hides the status bar at the top of the screen -->
    <preference name="webviewbounce"              value="true" />           <!-- ios: control whether the screen 'bounces' when scrolled beyond the top -->
    <preference name="prerendered-icon"           value="true" />           <!-- ios: if icon is prerendered, iOS will not apply it's gloss to the app's icon on the user's home screen -->
    <preference name="stay-in-webview"            value="false" />          <!-- ios: external links should open in the default browser, 'true' would use the webview the app lives in -->
    <preference name="ios-statusbarstyle"         value="black-opaque" />   <!-- ios: black-translucent will appear black because the PhoneGap webview doesn't go beneath the status bar -->
    <preference name="detect-data-types"          value="true" />           <!-- ios: controls whether data types (such as phone no. and dates) are automatically turned into links by the system -->
    <preference name="exit-on-suspend"            value="false" />          <!-- ios: if set to true, app will terminate when home button is pressed -->
    <preference name="show-splash-screen-spinner" value="false" />           <!-- ios: if set to false, the spinner won't appear on the splash screen during app loading -->
    <preference name="auto-hide-splash-screen"    value="true" />           <!-- ios: if set to false, the splash screen must be hidden using a JavaScript API -->
    <preference name="disable-cursor"             value="false" />          <!-- blackberry: prevents a mouse-icon/cursor from being displayed on the app -->
    <preference name="android-minSdkVersion"      value="15" />              <!-- android: MIN SDK version supported on the target device. MAX version is blank by default. -->
    <preference name="android-installLocation"    value="auto" />           <!-- android: app install location. 'auto' will choose. 'internalOnly' is device memory. 'preferExternal' is SDCard. -->
	<!-- <preference name="EnableViewportScale" value="true"/> -->
	<preference name="SplashScreen" value="none"/>
	<preference name="SplashScreen" value="foo" />
    <preference name="SplashScreenDelay" value="1000" />
    <preference name="SplashMaintainAspectRatio" value="true|false" />
	<preference name="android-build-tool" value="gradle" />
    <!--
        Define a specific version of PhoneGap to build into your app.
        <preference name="phonegap-version"       value="3.5.0" />
    -->
   <preference name="phonegap-version" value='cli-6.3.0' /> 
   <!-- <preference name="phonegap-version" value='cli-5.2.0' /> -->

    <!-- Plugins -->

    <!-- Core plugins -->
	
    <plugin name="cordova-plugin-dialogs" spec="~1.3.0" />
	<plugin name="cordova-plugin-device" spec="~1.1.3" />
	<plugin name="cordova-plugin-geolocation" spec="~2.4.0" />
    <plugin name="cordova-plugin-globalization" spec="~1.0.4" />
	<plugin name="cordova-plugin-network-information" spec="~1.3.0" />
	<plugin name="cordova-plugin-media" spec="~2.4.0" />
	<plugin name="cordova-plugin-inappbrowser" spec="~1.5.0" />
	<plugin name="cordova-plugin-whitelist" spec="~1.3.0" />
	<plugin name="cordova-plugin-splashscreen"/>
	<plugin name="cordova-plugin-file-transfer"/>
	<plugin name="cordova-plugin-file"/>		 
	<!-- <plugin spec="https://github.com/phonegap-build/PushPlugin" source="git" /> 	  -->
	<!-- <plugin spec="https://github.com/phonegap/phonegap-plugin-push" source="git" />   -->
	<!-- <plugin spec="https://github.com/leecrossley/cordova-plugin-social-message.git" source="git" /> -->
	<plugin spec="https://github.com/katzer/cordova-plugin-hidden-statusbar-overlay.git" source="git" /> 
	<plugin name="phonegap-plugin-push" spec="1.6.0">
		<param name="SENDER_ID" value="264359072592" />
	</plugin>
	<gap:plugin name="cordova-plugin-facebook4" source="npm" spec="1.7.3">
		<param name="APP_ID" value="1621128754854202" />
		<param name="APP_NAME" value="Empório Fashion" />
	 </gap:plugin>
	<gap:plugin name="cordova-plugin-x-socialsharing" source="npm" />
	

	<!-- <gap:plugin name="de.appplant.cordova.plugin.hidden-statusbar-overlay" version="1.2.0" />
	<plugin name="cordova-plugin-dialogs"/> -->
    <!-- <gap:plugin name="cordova-plugin-device"/> -->
	<!-- <gap:plugin name="com.phonegap.plugins.pushplugin" /> -->
	<!-- <gap:plugin name="cordova-plugin-geolocation" />
	<gap:plugin name="cordova-plugin-globalization"  />
	<gap:plugin name="cordova-plugin-network-information" />
	<gap:plugin name="cordova-plugin-media" />
	<gap:plugin name="cordova-plugin-inappbrowser" />
	<gap:plugin name="cordova-plugin-social-message"/> -->
<!-- 	<plugin name="cordova-plugin-device" spec="~1.1.3" />
    <plugin name="com.phonegap.plugins.pushplugin" spec="2.5.0" source="pgb" />
    <plugin name="cordova-plugin-geolocation" spec="~2.4.0" />
    <plugin name="cordova-plugin-globalization" spec="~1.0.4" />
    <plugin name="cordova-plugin-network-information" spec="~1.3.0" />
	<plugin name="uk.co.ilee.socialmessage" spec="0.2.6" source="pgb" />
	<plugin name="org.apache.cordova.media" spec="0.2.16" source="pgb" />
	<plugin name="cordova-plugin-inappbrowser" spec="~1.5.0" /> 
	<plugin name="com.phonegap.plugins.facebookconnect" source="pgb">
		<param name="APP_ID" value="1621128754854202" />
		<param name="APP_NAME" value="Empório Fashion" />
	</plugin> -->
	
	
	<!-- <plugin name="it.zerob.cordova.screenshot" spec="0.1.3" source="pgb" /> -->
	<!-- <plugin name="com.kumbe.phonegap.zoom.zoomcontrol" spec="0.1.8" source="pgb" />  -->
    <!-- <plugin name="org.apache.cordova.file" spec="1.3.3" source="pgb" /> 
	<plugin name="org.apache.cordova.file-transfer" spec="0.5.0" source="pgb" /> -->
    <!-- Third party plugins -->
    <!-- A list of available plugins are available at https://build.phonegap.com/plugins -->
    <!--
        <gap:plugin name="com.phonegap.plugins.barcodescanner" />
    -->

    <!-- Define app icon for each platform. -->
    <icon src="icon.png" />
    <!--<icon src="www/res/icon/android/icon-36-ldpi.png"   gap:platform="android"    gap:qualifier="ldpi" />
    <icon src="www/res/icon/android/icon-48-mdpi.png"   gap:platform="android"    gap:qualifier="mdpi" />
    <icon src="www/res/icon/android/icon-72-hdpi.png"   gap:platform="android"    gap:qualifier="hdpi" />
    <icon src="www/res/icon/android/icon-96-xhdpi.png"  gap:platform="android"    gap:qualifier="xhdpi" />-->
    <icon src="ldpi.png"   gap:platform="android"    gap:qualifier="ldpi" />
    <icon src="mdpi.png"   gap:platform="android"    gap:qualifier="mdpi" />
    <icon src="hdpi.png"   gap:platform="android"    gap:qualifier="hdpi" />
    <icon src="xhdpi.png"  gap:platform="android"    gap:qualifier="xhdpi" />
    <icon src="xxhdpi.png" gap:platform="android" gap:qualifier="xxhdpi" />
    <icon src="www/res/icon/blackberry/icon-80.png"     gap:platform="blackberry" />
    <icon src="www/res/icon/blackberry/icon-80.png"     gap:platform="blackberry" gap:state="hover"/>
    <icon src="icon-57.png"            gap:platform="ios"        width="57" height="57" />
	<icon src="icon-120.png"            gap:platform="ios"        width="120" height="120" />
	<icon src="icon-72.png"            gap:platform="ios"        width="72" height="72" />
	<icon src="icon-152.png"            gap:platform="ios"        width="152" height="152" />
    <icon src="icon-76.png"            gap:platform="ios"        width="76" height="76" />
    <icon src="www/res/icon/ios/icon-57-2x.png"         gap:platform="ios"        width="114" height="114" />
    <icon src="www/res/icon/ios/icon-72-2x.png"         gap:platform="ios"        width="144" height="144" />
    <icon src="www/res/icon/webos/icon-64.png"          gap:platform="webos" />
    <icon src="www/res/icon/windows-phone/icon-48.png"  gap:platform="winphone" />
    <icon src="www/res/icon/windows-phone/icon-173-tile.png" gap:platform="winphone"   gap:role="background" />

    <!-- Define app splash screen for each platform. 
    <gap:splash src="www/res/screen/android/screen-ldpi-portrait.png"       gap:platform="android" gap:qualifier="port-ldpi" />
    <gap:splash src="www/res/screen/android/screen-mdpi-portrait.png"       gap:platform="android" gap:qualifier="port-mdpi" />
    <gap:splash src="www/res/screen/android/screen-hdpi-portrait.png"       gap:platform="android" gap:qualifier="port-hdpi" />
    <gap:splash src="www/res/screen/android/screen-xhdpi-portrait.png"      gap:platform="android" gap:qualifier="port-xhdpi" />
   -->
    <gap:splash src="ldpi.png" gap:platform="android" gap:qualifier="ldpi" />
    <gap:splash src="mdpi.png" gap:platform="android" gap:qualifier="mdpi" />
    <gap:splash src="hdpi.png" gap:platform="android" gap:qualifier="hdpi" />
    <gap:splash src="xhdpi.png" gap:platform="android" gap:qualifier="xhdpi" />
    <gap:splash src="fr-xhdpi.png" gap:platform="android" gap:qualifier="fr-xhdpi" />
  
  
    <gap:splash src="portrait-xxhdpi.png" gap:platform="android" gap:qualifier="port-xxhdpi" />
    <gap:splash src="landscape-xxhdpi.png" gap:platform="android" gap:qualifier="land-xxhdpi" />
  
    <gap:splash src="splash.png" />
  
    <gap:splash src="www/res/screen/blackberry/screen-225.png"              gap:platform="blackberry" />
   <!--  <gap:splash src="www/res/screen/ios/screen-iphone-portrait.png"         gap:platform="ios"     width="320" height="480" />
    <gap:splash src="www/res/screen/ios/screen-iphone-portrait-2x.png"      gap:platform="ios"     width="640" height="960" />
    <gap:splash src="www/res/screen/ios/screen-iphone-portrait-568h-2x.png" gap:platform="ios"     width="640" height="1136" />
    <gap:splash src="www/res/screen/ios/screen-ipad-portrait.png"           gap:platform="ios"     width="768" height="1024" />
    <gap:splash src="www/res/screen/ios/screen-ipad-landscape.png"          gap:platform="ios"     width="1024" height="768" /> -->
    <gap:splash src="www/res/screen/windows-phone/screen-portrait.jpg"      gap:platform="winphone" />
  
		<!-- iPhone 5 / iPod Touch (5th Generation) -->
  <gap:splash src="Default-568h@2x.png" gap:platform="ios" width="640" height="1136" />
  
  <gap:splash src="screen-iphone-portrait.png"         gap:platform="ios"     width="320" height="480" />
  <gap:splash src="screen-iphone-portrait-2x.png"      gap:platform="ios"     width="640" height="960" />
  <gap:splash src="screen-iphone-portrait-568h-2x.png" gap:platform="ios"     width="640" height="1136" />
  <gap:splash src="screen-ipad-portrait.png"           gap:platform="ios"     width="768" height="1024" />
  <gap:splash src="screen-ipad-landscape.png"          gap:platform="ios"     width="1024" height="768" />
  <gap:splash src="res/screen/windows-phone/screen-portrait.jpg"      gap:platform="winphone" />
	
   <!-- iPhone 6 -->
	<gap:splash src="Default-667h@2x.png" platform="ios" width="750" height="1334" />
	<gap:splash src="Default-Portrait-736h@3x.png" platform="ios" width="1242" height="2208" />
	<gap:splash src="Default-Landscape-736h@3x.png" platform="ios" width="2208" height="1242" />

	
   <feature name="Geolocation">
    <param name="ios-package" value="CDVLocation" />
   </feature>

  <!--
        Define access to external domains.

        <access />            - a blank access tag denies access to all external resources.
        <access origin="*" /> - a wildcard access tag allows access to all external resource.

        Otherwise, you can specify specific domains:
    -->
    <access origin="*"/>
    <!--
       <access origin="http://phonegap.com" />                    - allow any secure requests to http://phonegap.com/
       <access origin="http://phonegap.com" subdomains="true" />  - same as above, but including subdomains, such as http://build.phonegap.com/
       <access origin="http://phonegap.com" browserOnly="true" /> - only allows http://phonegap.com to be opened by the child browser.
   -->
    <!-- Added the following intents to support the removal of whitelist code from base cordova to a plugin -->
    <!-- Whitelist configuration. Refer to https://cordova.apache.org/docs/en/edge/guide_appdev_whitelist_index.md.html -->
    <!-- <plugin name="cordova-plugin-whitelist" version="1" /> -->
    <allow-intent href="http://*/*" />
    <allow-intent href="https://*/*" />
    <allow-intent href="tel:*" />
    <allow-intent href="sms:*" />
    <allow-intent href="mailto:*" />
    <allow-intent href="geo:*" />
  <!-- Allow images, xhrs, etc. to google.com -->
  <access origin="http://google.com" />
  <access origin="https://google.com" />

  <!-- Access to the subdomain maps.google.com -->
  <access origin="http://maps.google.com" />

  <!-- Access to all the subdomains on google.com -->
  <access origin="http://*.google.com" />

  <!-- Enable requests to content: URLs -->
  <access origin="content:///*" />

  <!-- Don't block any requests -->
  <access origin="*" />
    <platform name="android">
        <allow-intent href="market:*" />
    </platform>
    <platform name="ios">
        <allow-intent href="itms:*" />
        <allow-intent href="itms-apps:*" />
    </platform>


</widget>
